system_id,status,region,hostname,event_time
SYS-2001,ACTIVE,us-east,web-01,2025-01-01
SYS-2001,DEGRADED,us-east,web-01,2025-02-01
SYS-2001,ACTIVE,us-east,web-01,2025-02-15
SYS-2004,ACTIVE,us-west,cache-01,2025-03-10
SYS-2004,OFFLINE,us-west,cache-01,2025-04-01
SYS-2001,OFFLINE,us-east,api-01,2025-04-01
SYS-2001,OFFLINE,us-east,api-01,2025-04-01
SYS-2001,OFFLINE,us-east,api-01,2025-04-01
SYS-2001,OFFLINE,us-east,api-01,2025-04-01
SYS-2001,OFFLINE,us-east,api-01,2025-04-01
SYS-2001,OFFLINE,us-east,api-01,2025-04-02
SYS-2001,OFFLINE,us-east,api-01,2025-04-02
SYS-2001,OFFLINE,us-east,api-01,2025-04-02
SYS-2001,OFFLINE,us-east,api-01,2025-04-02
SYS-2001,OFFLINE,us-east,api-01,2025-04-03
SYS-2001,OFFLINE,us-east,api-01,2025-04-03
SYS-2001,TERMINATED,us-east,api-01,2025-04-15