system_id,status,region,hostname,start_date,end_date,operation,change_sequence
SYS-2001,ACTIVE,us-east,web-01,2025-01-01,,INSERT,1
SYS-2002,ACTIVE,eu-west,api-01,2025-01-05,,INSERT,2
SYS-2003,ACTIVE,ap-south,db-01,2025-01-10,,INSERT,3
SYS-2001,DEGRADED,us-east,web-01,2025-02-01,,UPDATE,4
SYS-2002,MAINTENANCE,eu-west,api-01,2025-02-15,2025-02-20,UPDATE,5
SYS-2001,ACTIVE,us-east,web-01,2025-02-15,,UPDATE,6
SYS-2003,OFFLINE,ap-south,db-01,2025-03-01,2025-03-02,UPDATE,7
SYS-2003,ACTIVE,ap-south,db-01,2025-03-03,,UPDATE,8
SYS-2004,ACTIVE,us-west,cache-01,2025-03-10,,INSERT,9
SYS-2002,ACTIVE,eu-west,api-01,2025-02-21,,UPDATE,10
SYS-2004,OFFLINE,us-west,cache-01,2025-04-01,,DELETE,11
